{"init_params": {"cat_dims": [], "cat_emb_dim": [], "cat_idxs": [], "clip_value": 1, "device_name": "auto", "epsilon": 1e-15, "gamma": 1.1, "grouped_features": [], "input_dim": 10, "lambda_sparse": 0.00019251047365347084, "mask_type": "sparsemax", "momentum": 0.23165072255889047, "n_a": 32, "n_d": 8, "n_indep_decoder": 1, "n_independent": 2, "n_shared": 2, "n_shared_decoder": 1, "n_steps": 3, "optimizer_params": {"lr": 0.0012922815951897887}, "output_dim": 3, "scheduler_fn": null, "scheduler_params": {}, "seed": 0, "verbose": 0}, "class_attrs": {"preds_mapper": {"0": 0, "1": 1, "2": 2}}}