{"init_params": {"cat_dims": [], "cat_emb_dim": [], "cat_idxs": [], "clip_value": 1, "device_name": "auto", "epsilon": 1e-15, "gamma": 1.3, "grouped_features": [], "input_dim": 10, "lambda_sparse": 3.840294567060368e-06, "mask_type": "sparsemax", "momentum": 0.06587291286005277, "n_a": 56, "n_d": 8, "n_indep_decoder": 1, "n_independent": 2, "n_shared": 2, "n_shared_decoder": 1, "n_steps": 3, "optimizer_params": {"lr": 0.0038910714163218237}, "output_dim": 3, "scheduler_fn": null, "scheduler_params": {}, "seed": 0, "verbose": 0}, "class_attrs": {"preds_mapper": {"0": 0, "1": 1, "2": 2}}}